n_clusters,inertia,silhouette_score
2,8600.12722312557,0.43950131352929067
3,6373.70314405821,0.3482256775575813
4,4960.277229209096,0.3651710459579381
5,4135.976800669596,0.3386437793475312
6,3582.546638940784,0.3329966536129896
