segment,customer_count,average_recency,average_frequency,average_monetary
Champions,1117,24.819158460161145,20.003581020590868,11466.013551477172
Loyal Customers,1478,210.7320703653586,5.41745602165088,2148.1817848443843
Potential Customers,1228,27.64902280130293,3.020358306188925,854.9941954397394
At Risk,2055,392.97177615571775,1.4155717761557178,345.95936301703165
