model,roc_auc,average_precision,precision,recall,f1
logistic_regression,0.7449633810819702,0.5689554067064144,0.49923547400611623,0.5597142857142857,0.5277478448275862
random_forest,0.7013548102515028,0.5062177055455379,0.6183261183261183,0.24485714285714286,0.3507981989357348
