feature,mean_absolute_shap
frequency,1.520638769191235
recency,0.058359126711062075
monetary,0.04992277031490752
average_order_value,0.03292001511958263
